well,n_regions,margin,stitch,matched,full_identity,pident,dll_matched
A01,2,0.0,none,719,89.53922789539227,96.64,790
A01,2,0.0,conf,719,89.53922789539227,96.64,790
A01,2,0.0,vote,719,89.53922789539227,96.64,790
A01,2,0.0,wmax,719,89.53922789539227,96.64,790
A01,2,0.02,none,719,89.53922789539227,96.64,790
A01,2,0.02,conf,719,89.53922789539227,96.64,790
A01,2,0.02,vote,719,89.53922789539227,96.64,790
A01,2,0.02,wmax,719,89.53922789539227,96.64,790
A01,2,0.04,none,717,89.29016189290162,96.371,790
A01,2,0.04,conf,719,89.53922789539227,96.64,790
A01,2,0.04,vote,719,89.53922789539227,96.64,790
A01,2,0.04,wmax,719,89.53922789539227,96.64,790
A03,2,0.0,none,654,78.04295942720763,92.635,729
A03,2,0.0,conf,654,78.04295942720763,92.635,729
A03,2,0.0,vote,654,78.04295942720763,92.635,729
A03,2,0.0,wmax,654,78.04295942720763,92.635,729
A03,2,0.02,none,656,78.28162291169451,92.918,729
A03,2,0.02,conf,656,78.28162291169451,92.918,729
A03,2,0.02,vote,656,78.28162291169451,92.918,729
A03,2,0.02,wmax,656,78.28162291169451,92.918,729
A03,2,0.04,none,654,78.04295942720763,92.635,729
A03,2,0.04,conf,655,78.16229116945108,92.776,729
A03,2,0.04,vote,655,78.16229116945108,92.776,729
A03,2,0.04,wmax,655,78.16229116945108,92.776,729
A05,2,0.0,none,705,82.84371327849588,96.049,749
A05,2,0.0,conf,705,82.84371327849588,96.049,749
A05,2,0.0,vote,705,82.84371327849588,96.049,749
A05,2,0.0,wmax,705,82.84371327849588,96.049,749
A05,2,0.02,none,704,82.7262044653349,95.913,749
A05,2,0.02,conf,705,82.84371327849588,96.049,749
A05,2,0.02,vote,705,82.84371327849588,96.049,749
A05,2,0.02,wmax,705,82.84371327849588,96.049,749
A05,2,0.04,none,704,82.7262044653349,95.913,749
A05,2,0.04,conf,705,82.84371327849588,96.049,749
A05,2,0.04,vote,705,82.84371327849588,96.049,749
A05,2,0.04,wmax,705,82.84371327849588,96.049,749
A07,2,0.0,none,663,78.92857142857143,89.113,742
A07,2,0.0,conf,663,78.92857142857143,89.113,742
A07,2,0.0,vote,663,78.92857142857143,89.113,742
A07,2,0.0,wmax,663,78.92857142857143,89.113,742
A07,2,0.02,none,663,78.92857142857143,89.113,742
A07,2,0.02,conf,663,78.92857142857143,89.113,742
A07,2,0.02,vote,665,79.16666666666667,89.382,742
A07,2,0.02,wmax,663,78.92857142857143,89.113,742
A07,2,0.04,none,659,78.45238095238095,88.575,742
A07,2,0.04,conf,661,78.69047619047619,88.844,742
A07,2,0.04,vote,663,78.92857142857143,89.113,742
A07,2,0.04,wmax,661,78.69047619047619,88.844,742
A09,2,0.0,none,728,83.77445339470655,96.933,788
A09,2,0.0,conf,728,83.77445339470655,96.933,788
A09,2,0.0,vote,728,83.77445339470655,96.933,788
A09,2,0.0,wmax,728,83.77445339470655,96.933,788
A09,2,0.02,none,728,83.77445339470655,96.933,788
A09,2,0.02,conf,728,83.77445339470655,96.933,788
A09,2,0.02,vote,728,83.77445339470655,96.933,788
A09,2,0.02,wmax,728,83.77445339470655,96.933,788
A09,2,0.04,none,728,83.77445339470655,96.933,788
A09,2,0.04,conf,728,83.77445339470655,96.933,788
A09,2,0.04,vote,728,83.77445339470655,96.933,788
A09,2,0.04,wmax,728,83.77445339470655,96.933,788
A11,2,0.0,none,723,85.76512455516014,96.529,739
A11,2,0.0,conf,723,85.76512455516014,96.529,739
A11,2,0.0,vote,723,85.76512455516014,96.529,739
A11,2,0.0,wmax,723,85.76512455516014,96.529,739
A11,2,0.02,none,723,85.76512455516014,96.529,739
A11,2,0.02,conf,723,85.76512455516014,96.529,739
A11,2,0.02,vote,723,85.76512455516014,96.529,739
A11,2,0.02,wmax,723,85.76512455516014,96.529,739
A11,2,0.04,none,722,85.64650059311981,96.395,739
A11,2,0.04,conf,723,85.76512455516014,96.529,739
A11,2,0.04,vote,723,85.76512455516014,96.529,739
A11,2,0.04,wmax,723,85.76512455516014,96.529,739
B02,2,0.0,none,737,87.84266984505363,94.73,771
B02,2,0.0,conf,737,87.84266984505363,94.73,771
B02,2,0.0,vote,737,87.84266984505363,94.73,771
B02,2,0.0,wmax,737,87.84266984505363,94.73,771
B02,2,0.02,none,737,87.84266984505363,94.73,771
B02,2,0.02,conf,737,87.84266984505363,94.73,771
B02,2,0.02,vote,737,87.84266984505363,94.73,771
B02,2,0.02,wmax,737,87.84266984505363,94.73,771
B02,2,0.04,none,735,87.60429082240763,94.473,771
B02,2,0.04,conf,736,87.72348033373063,94.602,771
B02,2,0.04,vote,736,87.72348033373063,94.602,771
B02,2,0.04,wmax,736,87.72348033373063,94.602,771
B04,2,0.0,none,730,88.48484848484848,96.941,761
B04,2,0.0,conf,730,88.48484848484848,96.941,761
B04,2,0.0,vote,730,88.48484848484848,96.941,761
B04,2,0.0,wmax,730,88.48484848484848,96.941,761
B04,2,0.02,none,730,88.48484848484848,96.941,761
B04,2,0.02,conf,730,88.48484848484848,96.941,761
B04,2,0.02,vote,730,88.48484848484848,96.941,761
B04,2,0.02,wmax,730,88.48484848484848,96.941,761
B04,2,0.04,none,730,88.48484848484848,96.941,761
B04,2,0.04,conf,730,88.48484848484848,96.941,761
B04,2,0.04,vote,730,88.48484848484848,96.941,761
B04,2,0.04,wmax,730,88.48484848484848,96.941,761
B06,2,0.0,none,679,78.13578826237054,91.386,781
B06,2,0.0,conf,679,78.13578826237054,91.386,781
B06,2,0.0,vote,679,78.13578826237054,91.386,781
B06,2,0.0,wmax,679,78.13578826237054,91.386,781
B06,2,0.02,none,677,77.90563866513233,91.117,781
B06,2,0.02,conf,678,78.02071346375143,91.252,781
B06,2,0.02,vote,678,78.02071346375143,91.252,781
B06,2,0.02,wmax,678,78.02071346375143,91.252,781
B06,2,0.04,none,672,77.33026467203682,90.444,781
B06,2,0.04,conf,678,78.02071346375143,91.252,781
B06,2,0.04,vote,679,78.13578826237054,91.386,781
B06,2,0.04,wmax,678,78.02071346375143,91.252,781
B08,2,0.0,none,677,79.83490566037736,95.487,738
B08,2,0.0,conf,677,79.83490566037736,95.487,738
B08,2,0.0,vote,677,79.83490566037736,95.487,738
B08,2,0.0,wmax,677,79.83490566037736,95.487,738
B08,2,0.02,none,675,79.59905660377359,95.205,738
B08,2,0.02,conf,676,79.71698113207547,95.346,738
B08,2,0.02,vote,676,79.71698113207547,95.346,738
B08,2,0.02,wmax,676,79.71698113207547,95.346,738
B08,2,0.04,none,672,79.24528301886792,94.781,738
B08,2,0.04,conf,674,79.48113207547169,95.063,738
B08,2,0.04,vote,675,79.59905660377359,95.205,738
B08,2,0.04,wmax,674,79.48113207547169,95.063,738
B10,2,0.0,none,719,83.70197904540163,95.739,748
B10,2,0.0,conf,719,83.70197904540163,95.739,748
B10,2,0.0,vote,719,83.70197904540163,95.739,748
B10,2,0.0,wmax,719,83.70197904540163,95.739,748
B10,2,0.02,none,719,83.70197904540163,95.739,748
B10,2,0.02,conf,719,83.70197904540163,95.739,748
B10,2,0.02,vote,719,83.70197904540163,95.739,748
B10,2,0.02,wmax,719,83.70197904540163,95.739,748
B10,2,0.04,none,717,83.46915017462165,95.473,748
B10,2,0.04,conf,719,83.70197904540163,95.739,748
B10,2,0.04,vote,719,83.70197904540163,95.739,748
B10,2,0.04,wmax,719,83.70197904540163,95.739,748
B12,2,0.0,none,712,82.98368298368298,96.999,765
B12,2,0.0,conf,712,82.98368298368298,96.999,765
B12,2,0.0,vote,712,82.98368298368298,96.999,765
B12,2,0.0,wmax,712,82.98368298368298,96.999,765
B12,2,0.02,none,711,82.86713286713287,96.862,765
B12,2,0.02,conf,711,82.86713286713287,96.862,765
B12,2,0.02,vote,711,82.86713286713287,96.862,765
B12,2,0.02,wmax,711,82.86713286713287,96.862,765
B12,2,0.04,none,709,82.63403263403264,96.589,765
B12,2,0.04,conf,711,82.86713286713287,96.862,765
B12,2,0.04,vote,711,82.86713286713287,96.862,765
B12,2,0.04,wmax,711,82.86713286713287,96.862,765
C01,2,0.0,none,718,85.17200474495849,97.954,726
C01,2,0.0,conf,718,85.17200474495849,97.954,726
C01,2,0.0,vote,718,85.17200474495849,97.954,726
C01,2,0.0,wmax,718,85.17200474495849,97.954,726
C01,2,0.02,none,718,85.17200474495849,97.954,726
C01,2,0.02,conf,718,85.17200474495849,97.954,726
C01,2,0.02,vote,718,85.17200474495849,97.954,726
C01,2,0.02,wmax,718,85.17200474495849,97.954,726
C01,2,0.04,none,717,85.05338078291815,97.817,726
C01,2,0.04,conf,718,85.17200474495849,97.954,726
C01,2,0.04,vote,718,85.17200474495849,97.954,726
C01,2,0.04,wmax,718,85.17200474495849,97.954,726
C03,2,0.0,none,666,78.26086956521739,93.007,763
C03,2,0.0,conf,666,78.26086956521739,93.007,763
C03,2,0.0,vote,666,78.26086956521739,93.007,763
C03,2,0.0,wmax,666,78.26086956521739,93.007,763
C03,2,0.02,none,667,78.37837837837837,93.147,763
C03,2,0.02,conf,667,78.37837837837837,93.147,763
C03,2,0.02,vote,667,78.37837837837837,93.147,763
C03,2,0.02,wmax,667,78.37837837837837,93.147,763
C03,2,0.04,none,665,78.14336075205641,92.867,763
C03,2,0.04,conf,666,78.26086956521739,93.007,763
C03,2,0.04,vote,666,78.26086956521739,93.007,763
C03,2,0.04,wmax,666,78.26086956521739,93.007,763
C05,2,0.0,none,689,82.02380952380952,97.179,732
C05,2,0.0,conf,689,82.02380952380952,97.179,732
C05,2,0.0,vote,689,82.02380952380952,97.179,732
C05,2,0.0,wmax,689,82.02380952380952,97.179,732
C05,2,0.02,none,689,82.02380952380952,97.179,732
C05,2,0.02,conf,689,82.02380952380952,97.179,732
C05,2,0.02,vote,689,82.02380952380952,97.179,732
C05,2,0.02,wmax,689,82.02380952380952,97.179,732
C05,2,0.04,none,689,82.02380952380952,97.179,732
C05,2,0.04,conf,688,81.9047619047619,97.038,732
C05,2,0.04,vote,688,81.9047619047619,97.038,732
C05,2,0.04,wmax,688,81.9047619047619,97.038,732
C07,2,0.0,none,655,74.09502262443439,85.714,783
C07,2,0.0,conf,655,74.09502262443439,85.714,783
C07,2,0.0,vote,655,74.09502262443439,85.714,783
C07,2,0.0,wmax,655,74.09502262443439,85.714,783
C07,2,0.02,none,657,74.32126696832579,85.976,783
C07,2,0.02,conf,654,73.98190045248869,85.583,783
C07,2,0.02,vote,655,74.09502262443439,85.714,783
C07,2,0.02,wmax,654,73.98190045248869,85.583,783
C07,2,0.04,none,657,74.32126696832579,85.976,783
C07,2,0.04,conf,654,73.98190045248869,85.583,783
C07,2,0.04,vote,656,74.2081447963801,85.845,783
C07,2,0.04,wmax,654,73.98190045248869,85.583,783
C09,2,0.0,none,725,82.95194508009153,96.796,736
C09,2,0.0,conf,725,82.95194508009153,96.796,736
C09,2,0.0,vote,725,82.95194508009153,96.796,736
C09,2,0.0,wmax,725,82.95194508009153,96.796,736
C09,2,0.02,none,724,82.83752860411899,96.662,736
C09,2,0.02,conf,724,82.83752860411899,96.662,736
C09,2,0.02,vote,724,82.83752860411899,96.662,736
C09,2,0.02,wmax,724,82.83752860411899,96.662,736
C09,2,0.04,none,723,82.72311212814645,96.529,736
C09,2,0.04,conf,724,82.83752860411899,96.662,736
C09,2,0.04,vote,724,82.83752860411899,96.662,736
C09,2,0.04,wmax,724,82.83752860411899,96.662,736
C11,2,0.0,none,683,77.96803652968036,94.467,769
C11,2,0.0,conf,683,77.96803652968036,94.467,769
C11,2,0.0,vote,683,77.96803652968036,94.467,769
C11,2,0.0,wmax,683,77.96803652968036,94.467,769
C11,2,0.02,none,680,77.62557077625571,94.053,769
C11,2,0.02,conf,682,77.85388127853881,94.329,769
C11,2,0.02,vote,682,77.85388127853881,94.329,769
C11,2,0.02,wmax,682,77.85388127853881,94.329,769
C11,2,0.04,none,680,77.62557077625571,94.053,769
C11,2,0.04,conf,683,77.96803652968036,94.467,769
C11,2,0.04,vote,682,77.85388127853881,94.329,769
C11,2,0.04,wmax,683,77.96803652968036,94.467,769
D02,2,0.0,none,712,84.66111771700356,97.135,738
D02,2,0.0,conf,712,84.66111771700356,97.135,738
D02,2,0.0,vote,712,84.66111771700356,97.135,738
D02,2,0.0,wmax,712,84.66111771700356,97.135,738
D02,2,0.02,none,712,84.66111771700356,97.135,738
D02,2,0.02,conf,712,84.66111771700356,97.135,738
D02,2,0.02,vote,712,84.66111771700356,97.135,738
D02,2,0.02,wmax,712,84.66111771700356,97.135,738
D02,2,0.04,none,712,84.66111771700356,97.135,738
D02,2,0.04,conf,712,84.66111771700356,97.135,738
D02,2,0.04,vote,712,84.66111771700356,97.135,738
D02,2,0.04,wmax,712,84.66111771700356,97.135,738
D04,2,0.0,none,680,80.85612366230677,93.278,740
D04,2,0.0,conf,680,80.85612366230677,93.278,740
D04,2,0.0,vote,680,80.85612366230677,93.278,740
D04,2,0.0,wmax,680,80.85612366230677,93.278,740
D04,2,0.02,none,680,80.85612366230677,93.278,740
D04,2,0.02,conf,680,80.85612366230677,93.278,740
D04,2,0.02,vote,680,80.85612366230677,93.278,740
D04,2,0.02,wmax,680,80.85612366230677,93.278,740
D04,2,0.04,none,678,80.61831153388823,93.004,740
D04,2,0.04,conf,680,80.85612366230677,93.278,740
D04,2,0.04,vote,680,80.85612366230677,93.278,740
D04,2,0.04,wmax,680,80.85612366230677,93.278,740
D06,2,0.0,none,712,85.26946107784431,96.608,730
D06,2,0.0,conf,712,85.26946107784431,96.608,730
D06,2,0.0,vote,712,85.26946107784431,96.608,730
D06,2,0.0,wmax,712,85.26946107784431,96.608,730
D06,2,0.02,none,712,85.26946107784431,96.608,730
D06,2,0.02,conf,712,85.26946107784431,96.608,730
D06,2,0.02,vote,712,85.26946107784431,96.608,730
D06,2,0.02,wmax,712,85.26946107784431,96.608,730
D06,2,0.04,none,710,85.02994011976048,96.336,730
D06,2,0.04,conf,712,85.26946107784431,96.608,730
D06,2,0.04,vote,711,85.1497005988024,96.472,730
D06,2,0.04,wmax,712,85.26946107784431,96.608,730
D08,2,0.0,none,710,81.98614318706697,97.394,751
D08,2,0.0,conf,710,81.98614318706697,97.394,751
D08,2,0.0,vote,710,81.98614318706697,97.394,751
D08,2,0.0,wmax,710,81.98614318706697,97.394,751
D08,2,0.02,none,709,81.87066974595842,97.257,751
D08,2,0.02,conf,710,81.98614318706697,97.394,751
D08,2,0.02,vote,710,81.98614318706697,97.394,751
D08,2,0.02,wmax,710,81.98614318706697,97.394,751
D08,2,0.04,none,709,81.87066974595842,97.257,751
D08,2,0.04,conf,710,81.98614318706697,97.394,751
D08,2,0.04,vote,710,81.98614318706697,97.394,751
D08,2,0.04,wmax,710,81.98614318706697,97.394,751
D10,2,0.0,none,757,87.71726535341831,96.556,773
D10,2,0.0,conf,757,87.71726535341831,96.556,773
D10,2,0.0,vote,757,87.71726535341831,96.556,773
D10,2,0.0,wmax,757,87.71726535341831,96.556,773
D10,2,0.02,none,758,87.83314020857473,96.684,773
D10,2,0.02,conf,757,87.71726535341831,96.556,773
D10,2,0.02,vote,757,87.71726535341831,96.556,773
D10,2,0.02,wmax,757,87.71726535341831,96.556,773
D10,2,0.04,none,756,87.60139049826188,96.429,773
D10,2,0.04,conf,757,87.71726535341831,96.556,773
D10,2,0.04,vote,757,87.71726535341831,96.556,773
D10,2,0.04,wmax,757,87.71726535341831,96.556,773
D12,2,0.0,none,686,79.95337995337995,94.102,737
D12,2,0.0,conf,686,79.95337995337995,94.102,737
D12,2,0.0,vote,686,79.95337995337995,94.102,737
D12,2,0.0,wmax,686,79.95337995337995,94.102,737
D12,2,0.02,none,686,79.95337995337995,94.102,737
D12,2,0.02,conf,686,79.95337995337995,94.102,737
D12,2,0.02,vote,686,79.95337995337995,94.102,737
D12,2,0.02,wmax,686,79.95337995337995,94.102,737
D12,2,0.04,none,682,79.48717948717949,93.553,737
D12,2,0.04,conf,685,79.83682983682984,93.964,737
D12,2,0.04,vote,685,79.83682983682984,93.964,737
D12,2,0.04,wmax,685,79.83682983682984,93.964,737
E01,2,0.0,none,720,84.01400233372229,97.031,733
E01,2,0.0,conf,720,84.01400233372229,97.031,733
E01,2,0.0,vote,720,84.01400233372229,97.031,733
E01,2,0.0,wmax,720,84.01400233372229,97.031,733
E01,2,0.02,none,720,84.01400233372229,97.031,733
E01,2,0.02,conf,720,84.01400233372229,97.031,733
E01,2,0.02,vote,720,84.01400233372229,97.031,733
E01,2,0.02,wmax,720,84.01400233372229,97.031,733
E01,2,0.04,none,717,83.66394399066512,96.626,733
E01,2,0.04,conf,720,84.01400233372229,97.031,733
E01,2,0.04,vote,720,84.01400233372229,97.031,733
E01,2,0.04,wmax,720,84.01400233372229,97.031,733
E03,2,0.0,none,709,82.44186046511628,95.805,774
E03,2,0.0,conf,709,82.44186046511628,95.805,774
E03,2,0.0,vote,709,82.44186046511628,95.805,774
E03,2,0.0,wmax,709,82.44186046511628,95.805,774
E03,2,0.02,none,709,82.44186046511628,95.805,774
E03,2,0.02,conf,709,82.44186046511628,95.805,774
E03,2,0.02,vote,709,82.44186046511628,95.805,774
E03,2,0.02,wmax,709,82.44186046511628,95.805,774
E03,2,0.04,none,707,82.20930232558139,95.535,774
E03,2,0.04,conf,709,82.44186046511628,95.805,774
E03,2,0.04,vote,709,82.44186046511628,95.805,774
E03,2,0.04,wmax,709,82.44186046511628,95.805,774
E05,2,0.0,none,642,75.0,88.308,782
E05,2,0.0,conf,642,75.0,88.308,782
E05,2,0.0,vote,642,75.0,88.308,782
E05,2,0.0,wmax,642,75.0,88.308,782
E05,2,0.02,none,639,74.64953271028037,87.895,782
E05,2,0.02,conf,641,74.88317757009345,88.171,782
E05,2,0.02,vote,642,75.0,88.308,782
E05,2,0.02,wmax,641,74.88317757009345,88.171,782
E05,2,0.04,none,637,74.41588785046729,87.62,782
E05,2,0.04,conf,639,74.64953271028037,87.895,782
E05,2,0.04,vote,642,75.0,88.308,782
E05,2,0.04,wmax,639,74.64953271028037,87.895,782
E07,2,0.0,none,730,85.68075117370893,96.306,746
E07,2,0.0,conf,730,85.68075117370893,96.306,746
E07,2,0.0,vote,730,85.68075117370893,96.306,746
E07,2,0.0,wmax,730,85.68075117370893,96.306,746
E07,2,0.02,none,730,85.68075117370893,96.306,746
E07,2,0.02,conf,730,85.68075117370893,96.306,746
E07,2,0.02,vote,730,85.68075117370893,96.306,746
E07,2,0.02,wmax,730,85.68075117370893,96.306,746
E07,2,0.04,none,729,85.56338028169014,96.174,746
E07,2,0.04,conf,730,85.68075117370893,96.306,746
E07,2,0.04,vote,730,85.68075117370893,96.306,746
E07,2,0.04,wmax,730,85.68075117370893,96.306,746
E09,2,0.0,none,665,77.1461716937355,92.361,742
E09,2,0.0,conf,665,77.1461716937355,92.361,742
E09,2,0.0,vote,665,77.1461716937355,92.361,742
E09,2,0.0,wmax,665,77.1461716937355,92.361,742
E09,2,0.02,none,664,77.03016241299304,92.222,742
E09,2,0.02,conf,665,77.1461716937355,92.361,742
E09,2,0.02,vote,665,77.1461716937355,92.361,742
E09,2,0.02,wmax,665,77.1461716937355,92.361,742
E09,2,0.04,none,662,76.79814385150812,91.944,742
E09,2,0.04,conf,664,77.03016241299304,92.222,742
E09,2,0.04,vote,665,77.1461716937355,92.361,742
E09,2,0.04,wmax,664,77.03016241299304,92.222,742
E11,2,0.0,none,725,85.79881656804734,96.921,735
E11,2,0.0,conf,725,85.79881656804734,96.921,735
E11,2,0.0,vote,725,85.79881656804734,96.921,735
E11,2,0.0,wmax,725,85.79881656804734,96.921,735
E11,2,0.02,none,725,85.79881656804734,96.921,735
E11,2,0.02,conf,725,85.79881656804734,96.921,735
E11,2,0.02,vote,725,85.79881656804734,96.921,735
E11,2,0.02,wmax,725,85.79881656804734,96.921,735
E11,2,0.04,none,724,85.68047337278107,96.787,735
E11,2,0.04,conf,725,85.79881656804734,96.921,735
E11,2,0.04,vote,725,85.79881656804734,96.921,735
E11,2,0.04,wmax,725,85.79881656804734,96.921,735
F02,2,0.0,none,612,73.38129496402878,87.679,749
F02,2,0.0,conf,612,73.38129496402878,87.679,749
F02,2,0.0,vote,612,73.38129496402878,87.679,749
F02,2,0.0,wmax,612,73.38129496402878,87.679,749
F02,2,0.02,none,615,73.7410071942446,88.235,749
F02,2,0.02,conf,613,73.50119904076739,87.948,749
F02,2,0.02,vote,614,73.621103117506,88.092,749
F02,2,0.02,wmax,613,73.50119904076739,87.948,749
F02,2,0.04,none,613,73.50119904076739,87.948,749
F02,2,0.04,conf,611,73.26139088729016,87.661,749
F02,2,0.04,vote,613,73.50119904076739,87.948,749
F02,2,0.04,wmax,611,73.26139088729016,87.661,749
F04,2,0.0,none,705,82.55269320843091,94.886,739
F04,2,0.0,conf,705,82.55269320843091,94.886,739
F04,2,0.0,vote,705,82.55269320843091,94.886,739
F04,2,0.0,wmax,705,82.55269320843091,94.886,739
F04,2,0.02,none,706,82.66978922716628,95.02,739
F04,2,0.02,conf,706,82.66978922716628,95.02,739
F04,2,0.02,vote,705,82.55269320843091,94.886,739
F04,2,0.02,wmax,706,82.66978922716628,95.02,739
F04,2,0.04,none,706,82.66978922716628,95.02,739
F04,2,0.04,conf,706,82.66978922716628,95.02,739
F04,2,0.04,vote,705,82.55269320843091,94.886,739
F04,2,0.04,wmax,706,82.66978922716628,95.02,739
F06,2,0.0,none,708,83.19623971797886,96.196,760
F06,2,0.0,conf,708,83.19623971797886,96.196,760
F06,2,0.0,vote,708,83.19623971797886,96.196,760
F06,2,0.0,wmax,708,83.19623971797886,96.196,760
F06,2,0.02,none,708,83.19623971797886,96.196,760
F06,2,0.02,conf,708,83.19623971797886,96.196,760
F06,2,0.02,vote,708,83.19623971797886,96.196,760
F06,2,0.02,wmax,708,83.19623971797886,96.196,760
F06,2,0.04,none,706,82.96122209165688,95.924,760
F06,2,0.04,conf,707,83.07873090481786,96.06,760
F06,2,0.04,vote,707,83.07873090481786,96.06,760
F06,2,0.04,wmax,707,83.07873090481786,96.06,760
F08,2,0.0,none,636,75.53444180522565,86.531,737
F08,2,0.0,conf,636,75.53444180522565,86.531,737
F08,2,0.0,vote,636,75.53444180522565,86.531,737
F08,2,0.0,wmax,636,75.53444180522565,86.531,737
F08,2,0.02,none,633,75.17814726840855,86.122,737
F08,2,0.02,conf,634,75.29691211401425,86.259,737
F08,2,0.02,vote,636,75.53444180522565,86.531,737
F08,2,0.02,wmax,634,75.29691211401425,86.259,737
F08,2,0.04,none,628,74.58432304038004,85.442,737
F08,2,0.04,conf,630,74.82185273159145,85.714,737
F08,2,0.04,vote,633,75.17814726840855,86.122,737
F08,2,0.04,wmax,630,74.82185273159145,85.714,737
F10,2,0.0,none,706,80.0453514739229,93.75,775
F10,2,0.0,conf,706,80.0453514739229,93.75,775
F10,2,0.0,vote,706,80.0453514739229,93.75,775
F10,2,0.0,wmax,706,80.0453514739229,93.75,775
F10,2,0.02,none,708,80.27210884353741,94.016,775
F10,2,0.02,conf,707,80.15873015873017,93.883,775
F10,2,0.02,vote,707,80.15873015873017,93.883,775
F10,2,0.02,wmax,707,80.15873015873017,93.883,775
F10,2,0.04,none,708,80.27210884353741,94.016,775
F10,2,0.04,conf,707,80.15873015873017,93.883,775
F10,2,0.04,vote,707,80.15873015873017,93.883,775
F10,2,0.04,wmax,707,80.15873015873017,93.883,775
F12,2,0.0,none,722,86.36363636363636,95.883,741
F12,2,0.0,conf,722,86.36363636363636,95.883,741
F12,2,0.0,vote,722,86.36363636363636,95.883,741
F12,2,0.0,wmax,722,86.36363636363636,95.883,741
F12,2,0.02,none,722,86.36363636363636,95.883,741
F12,2,0.02,conf,722,86.36363636363636,95.883,741
F12,2,0.02,vote,722,86.36363636363636,95.883,741
F12,2,0.02,wmax,722,86.36363636363636,95.883,741
F12,2,0.04,none,720,86.1244019138756,95.618,741
F12,2,0.04,conf,721,86.24401913875599,95.75,741
F12,2,0.04,vote,721,86.24401913875599,95.75,741
F12,2,0.04,wmax,721,86.24401913875599,95.75,741
G01,2,0.0,none,713,87.48466257668711,96.351,731
G01,2,0.0,conf,713,87.48466257668711,96.351,731
G01,2,0.0,vote,713,87.48466257668711,96.351,731
G01,2,0.0,wmax,713,87.48466257668711,96.351,731
G01,2,0.02,none,713,87.48466257668711,96.351,731
G01,2,0.02,conf,713,87.48466257668711,96.351,731
G01,2,0.02,vote,713,87.48466257668711,96.351,731
G01,2,0.02,wmax,713,87.48466257668711,96.351,731
G01,2,0.04,none,713,87.48466257668711,96.351,731
G01,2,0.04,conf,713,87.48466257668711,96.351,731
G01,2,0.04,vote,713,87.48466257668711,96.351,731
G01,2,0.04,wmax,713,87.48466257668711,96.351,731
G03,2,0.0,none,675,75.08342602892102,91.093,802
G03,2,0.0,conf,675,75.08342602892102,91.093,802
G03,2,0.0,vote,675,75.08342602892102,91.093,802
G03,2,0.0,wmax,675,75.08342602892102,91.093,802
G03,2,0.02,none,673,74.86095661846497,90.823,802
G03,2,0.02,conf,674,74.972191323693,90.958,802
G03,2,0.02,vote,673,74.86095661846497,90.823,802
G03,2,0.02,wmax,674,74.972191323693,90.958,802
G03,2,0.04,none,673,74.86095661846497,90.823,802
G03,2,0.04,conf,674,74.972191323693,90.958,802
G03,2,0.04,vote,673,74.86095661846497,90.823,802
G03,2,0.04,wmax,674,74.972191323693,90.958,802
G05,2,0.0,none,708,88.7218045112782,96.06,747
G05,2,0.0,conf,708,88.7218045112782,96.06,747
G05,2,0.0,vote,708,88.7218045112782,96.06,747
G05,2,0.0,wmax,708,88.7218045112782,96.06,747
G05,2,0.02,none,708,88.7218045112782,96.06,747
G05,2,0.02,conf,708,88.7218045112782,96.06,747
G05,2,0.02,vote,708,88.7218045112782,96.06,747
G05,2,0.02,wmax,708,88.7218045112782,96.06,747
G05,2,0.04,none,707,88.59649122807018,95.924,747
G05,2,0.04,conf,708,88.7218045112782,96.06,747
G05,2,0.04,vote,708,88.7218045112782,96.06,747
G05,2,0.04,wmax,708,88.7218045112782,96.06,747
G07,2,0.0,none,747,85.37142857142857,95.159,769
G07,2,0.0,conf,747,85.37142857142857,95.159,769
G07,2,0.0,vote,747,85.37142857142857,95.159,769
G07,2,0.0,wmax,747,85.37142857142857,95.159,769
G07,2,0.02,none,744,85.02857142857142,94.777,769
G07,2,0.02,conf,746,85.25714285714285,95.032,769
G07,2,0.02,vote,747,85.37142857142857,95.159,769
G07,2,0.02,wmax,746,85.25714285714285,95.032,769
G07,2,0.04,none,744,85.02857142857142,94.777,769
G07,2,0.04,conf,746,85.25714285714285,95.032,769
G07,2,0.04,vote,747,85.37142857142857,95.159,769
G07,2,0.04,wmax,746,85.25714285714285,95.032,769
G09,2,0.0,none,647,75.1451800232288,93.488,764
G09,2,0.0,conf,647,75.1451800232288,93.488,764
G09,2,0.0,vote,647,75.1451800232288,93.488,764
G09,2,0.0,wmax,647,75.1451800232288,93.488,764
G09,2,0.02,none,647,75.1451800232288,93.488,764
G09,2,0.02,conf,647,75.1451800232288,93.488,764
G09,2,0.02,vote,647,75.1451800232288,93.488,764
G09,2,0.02,wmax,647,75.1451800232288,93.488,764
G09,2,0.04,none,645,74.91289198606272,93.198,764
G09,2,0.04,conf,647,75.1451800232288,93.488,764
G09,2,0.04,vote,647,75.1451800232288,93.488,764
G09,2,0.04,wmax,647,75.1451800232288,93.488,764
G11,2,0.0,none,612,72.25501770956316,80.713,750
G11,2,0.0,conf,612,72.25501770956316,80.713,750
G11,2,0.0,vote,612,72.25501770956316,80.713,750
G11,2,0.0,wmax,612,72.25501770956316,80.713,750
G11,2,0.02,none,611,72.13695395513578,80.581,750
G11,2,0.02,conf,612,72.25501770956316,80.713,750
G11,2,0.02,vote,612,72.25501770956316,80.713,750
G11,2,0.02,wmax,612,72.25501770956316,80.713,750
G11,2,0.04,none,610,72.01889020070838,80.449,750
G11,2,0.04,conf,611,72.13695395513578,80.581,750
G11,2,0.04,vote,612,72.25501770956316,80.713,750
G11,2,0.04,wmax,611,72.13695395513578,80.581,750
H02,2,0.0,none,713,82.81068524970964,96.744,748
H02,2,0.0,conf,713,82.81068524970964,96.744,748
H02,2,0.0,vote,713,82.81068524970964,96.744,748
H02,2,0.0,wmax,713,82.81068524970964,96.744,748
H02,2,0.02,none,713,82.81068524970964,96.744,748
H02,2,0.02,conf,713,82.81068524970964,96.744,748
H02,2,0.02,vote,713,82.81068524970964,96.744,748
H02,2,0.02,wmax,713,82.81068524970964,96.744,748
H02,2,0.04,none,712,82.69454123112659,96.608,748
H02,2,0.04,conf,713,82.81068524970964,96.744,748
H02,2,0.04,vote,713,82.81068524970964,96.744,748
H02,2,0.04,wmax,713,82.81068524970964,96.744,748
H04,2,0.0,none,743,87.0023419203747,96.494,771
H04,2,0.0,conf,743,87.0023419203747,96.494,771
H04,2,0.0,vote,743,87.0023419203747,96.494,771
H04,2,0.0,wmax,743,87.0023419203747,96.494,771
H04,2,0.02,none,743,87.0023419203747,96.494,771
H04,2,0.02,conf,743,87.0023419203747,96.494,771
H04,2,0.02,vote,743,87.0023419203747,96.494,771
H04,2,0.02,wmax,743,87.0023419203747,96.494,771
H04,2,0.04,none,742,86.88524590163935,96.364,771
H04,2,0.04,conf,743,87.0023419203747,96.494,771
H04,2,0.04,vote,743,87.0023419203747,96.494,771
H04,2,0.04,wmax,743,87.0023419203747,96.494,771
H06,2,0.0,none,760,87.55760368663594,96.203,783
H06,2,0.0,conf,760,87.55760368663594,96.203,783
H06,2,0.0,vote,760,87.55760368663594,96.203,783
H06,2,0.0,wmax,760,87.55760368663594,96.203,783
H06,2,0.02,none,760,87.55760368663594,96.203,783
H06,2,0.02,conf,760,87.55760368663594,96.203,783
H06,2,0.02,vote,760,87.55760368663594,96.203,783
H06,2,0.02,wmax,760,87.55760368663594,96.203,783
H06,2,0.04,none,759,87.44239631336406,96.076,783
H06,2,0.04,conf,760,87.55760368663594,96.203,783
H06,2,0.04,vote,760,87.55760368663594,96.203,783
H06,2,0.04,wmax,760,87.55760368663594,96.203,783
H08,2,0.0,none,692,81.0304449648712,95.448,747
H08,2,0.0,conf,692,81.0304449648712,95.448,747
H08,2,0.0,vote,692,81.0304449648712,95.448,747
H08,2,0.0,wmax,692,81.0304449648712,95.448,747
H08,2,0.02,none,692,81.0304449648712,95.448,747
H08,2,0.02,conf,693,81.14754098360656,95.586,747
H08,2,0.02,vote,693,81.14754098360656,95.586,747
H08,2,0.02,wmax,693,81.14754098360656,95.586,747
H08,2,0.04,none,692,81.0304449648712,95.448,747
H08,2,0.04,conf,693,81.14754098360656,95.586,747
H08,2,0.04,vote,693,81.14754098360656,95.586,747
H08,2,0.04,wmax,693,81.14754098360656,95.586,747
H10,2,0.0,none,731,85.59718969555036,96.946,764
H10,2,0.0,conf,731,85.59718969555036,96.946,764
H10,2,0.0,vote,731,85.59718969555036,96.946,764
H10,2,0.0,wmax,731,85.59718969555036,96.946,764
H10,2,0.02,none,731,85.59718969555036,96.946,764
H10,2,0.02,conf,731,85.59718969555036,96.946,764
H10,2,0.02,vote,731,85.59718969555036,96.946,764
H10,2,0.02,wmax,731,85.59718969555036,96.946,764
H10,2,0.04,none,730,85.48009367681499,96.813,764
H10,2,0.04,conf,731,85.59718969555036,96.946,764
H10,2,0.04,vote,731,85.59718969555036,96.946,764
H10,2,0.04,wmax,731,85.59718969555036,96.946,764
H12,2,0.0,none,725,85.29411764705883,97.185,763
H12,2,0.0,conf,725,85.29411764705883,97.185,763
H12,2,0.0,vote,725,85.29411764705883,97.185,763
H12,2,0.0,wmax,725,85.29411764705883,97.185,763
H12,2,0.02,none,725,85.29411764705883,97.185,763
H12,2,0.02,conf,725,85.29411764705883,97.185,763
H12,2,0.02,vote,725,85.29411764705883,97.185,763
H12,2,0.02,wmax,725,85.29411764705883,97.185,763
H12,2,0.04,none,724,85.17647058823529,97.051,763
H12,2,0.04,conf,725,85.29411764705883,97.185,763
H12,2,0.04,vote,725,85.29411764705883,97.185,763
H12,2,0.04,wmax,725,85.29411764705883,97.185,763
