folder,well,prediction,confidence
OY_ABCC2_N2_160910Run01,A01,4,0.391
OY_ABCC2_N2_160910Run01,A02,4,0.387
OY_ABCC2_N2_160910Run01,A03,4,0.358
OY_ABCC2_N2_160910Run01,A04,4,0.326
OY_ABCC2_N2_160910Run01,A05,4,0.383
OY_ABCC2_N2_160910Run01,A06,0,0.976
OY_ABCC2_N2_160910Run01,A07,4,0.396
OY_ABCC2_N2_160910Run01,A08,4,0.392
OY_ABCC2_N2_160910Run01,A09,4,0.355
OY_ABCC2_N2_160910Run01,A10,4,0.371
OY_ABCC2_N2_160910Run01,A11,4,0.403
OY_ABCC2_N2_160910Run01,A12,4,0.396
OY_ABCC2_N2_160910Run01,B01,4,0.35
OY_ABCC2_N2_160910Run01,B02,0,0.973
OY_ABCC2_N2_160910Run01,B03,4,0.388
OY_ABCC2_N2_160910Run01,B04,4,0.362
OY_ABCC2_N2_160910Run01,B05,4,0.387
OY_ABCC2_N2_160910Run01,B06,4,0.386
OY_ABCC2_N2_160910Run01,B07,4,0.352
OY_ABCC2_N2_160910Run01,B08,4,0.394
OY_ABCC2_N2_160910Run01,B09,4,0.352
OY_ABCC2_N2_160910Run01,B10,4,0.377
OY_ABCC2_N2_160910Run01,B11,4,0.384
OY_ABCC2_N2_160910Run01,B12,4,0.382
OY_ABCC2_N2_160910Run01,C01,4,0.346
OY_ABCC2_N2_160910Run01,C02,4,0.366
OY_ABCC2_N2_160910Run01,C03,4,0.355
OY_ABCC2_N2_160910Run01,C04,4,0.359
OY_ABCC2_N2_160910Run01,C05,4,0.367
OY_ABCC2_N2_160910Run01,C06,4,0.342
OY_ABCC2_N2_160910Run01,C07,4,0.378
OY_ABCC2_N2_160910Run01,C08,4,0.401
OY_ABCC2_N2_160910Run01,C09,4,0.392
OY_ABCC2_N2_160910Run01,C10,2,0.301
OY_ABCC2_N2_160910Run01,C11,4,0.401
OY_ABCC2_N2_160910Run01,C12,4,0.402
OY_ABCC2_N2_160910Run01,D01,4,0.396
OY_ABCC2_N2_160910Run01,D02,4,0.374
OY_ABCC2_N2_160910Run01,D03,4,0.336
OY_ABCC2_N2_160910Run01,D04,4,0.379
OY_ABCC2_N2_160910Run01,D05,4,0.397
OY_ABCC2_N2_160910Run01,D06,4,0.329
OY_ABCC2_N2_160910Run01,D07,4,0.338
OY_ABCC2_N2_160910Run01,D08,4,0.31
OY_ABCC2_N2_160910Run01,D09,4,0.323
OY_ABCC2_N2_160910Run01,D10,2,0.305
OY_ABCC2_N2_160910Run01,D11,0,0.411
OY_ABCC2_N2_160910Run01,D12,4,0.362
OY_ABCC2_N2_160910Run01,E01,2,0.309
OY_ABCC2_N2_160910Run01,E02,4,0.33
OY_ABCC2_N2_160910Run01,E03,4,0.366
OY_ABCC2_N2_160910Run01,E04,4,0.274
OY_ABCC2_N2_160910Run01,E05,4,0.316
OY_ABCC2_N2_160910Run01,E06,2,0.314
OY_ABCC2_N2_160910Run01,E07,4,0.365
OY_ABCC2_N2_160910Run01,E08,4,0.323
OY_ABCC2_N2_160910Run01,E09,4,0.376
OY_ABCC2_N2_160910Run01,E10,4,0.39
OY_ABCC2_N2_160910Run01,E11,4,0.366
OY_ABCC2_N2_160910Run01,E12,2,0.326
OY_ABCC2_N2_160910Run01,F01,2,0.296
OY_ABCC2_N2_160910Run01,F02,2,0.282
OY_ABCC2_N2_160910Run01,F03,4,0.35
OY_ABCC2_N2_160910Run01,F04,2,0.332
OY_ABCC2_N2_160910Run01,F05,2,0.306
OY_ABCC2_N2_160910Run01,F06,2,0.38
OY_ABCC2_N2_160910Run01,F07,4,0.349
OY_ABCC2_N2_160910Run01,F08,2,0.29
OY_ABCC2_N2_160910Run01,F09,2,0.303
OY_ABCC2_N2_160910Run01,F10,2,0.306
OY_ABCC2_N2_160910Run01,F11,4,0.276
OY_ABCC2_N2_160910Run01,F12,4,0.317
OY_ABCC2_N2_160910Run01,G01,0,0.844
OY_ABCC2_N2_160910Run01,G02,4,0.343
OY_ABCC2_N2_160910Run01,G03,4,0.462
OY_ABCC2_N2_160910Run01,G04,4,0.362
OY_ABCC2_N2_160910Run01,G05,4,0.364
OY_ABCC2_N2_160910Run01,G06,2,0.286
OY_ABCC2_N2_160910Run01,G07,4,0.354
OY_ABCC2_N2_160910Run01,G08,4,0.274
OY_ABCC2_N2_160910Run01,G09,4,0.341
OY_ABCC2_N2_160910Run01,G10,2,0.306
OY_ABCC2_N2_160910Run01,G11,4,0.348
OY_ABCC2_N2_160910Run01,G12,4,0.312
OY_ABCC2_N2_160910Run01,H01,2,0.333
OY_ABCC2_N2_160910Run01,H02,4,0.398
OY_ABCC2_N2_160910Run01,H03,4,0.335
OY_ABCC2_N2_160910Run01,H04,4,0.382
OY_ABCC2_N2_160910Run01,H05,4,0.329
OY_ABCC2_N2_160910Run01,H06,4,0.338
OY_ABCC2_N2_160910Run01,H07,4,0.382
OY_ABCC2_N2_160910Run01,H08,4,0.387
OY_ABCC2_N2_160910Run01,H09,4,0.368
OY_ABCC2_N2_160910Run01,H10,4,0.354
OY_ABCC2_N2_160910Run01,H11,4,0.413
OY_ABCC2_N2_160910Run01,H12,4,0.408
OY_ABCC2_N2_200910Run01,A01,2,0.355
OY_ABCC2_N2_200910Run01,A02,2,0.468
OY_ABCC2_N2_200910Run01,A03,2,0.412
OY_ABCC2_N2_200910Run01,A04,2,0.351
OY_ABCC2_N2_200910Run01,A05,2,0.412
OY_ABCC2_N2_200910Run01,A06,0,0.389
OY_ABCC2_N2_200910Run01,A07,2,0.385
OY_ABCC2_N2_200910Run01,A08,2,0.398
OY_ABCC2_N2_200910Run01,A09,2,0.57
OY_ABCC2_N2_200910Run01,A10,4,0.741
OY_ABCC2_N2_200910Run01,A11,2,0.451
OY_ABCC2_N2_200910Run01,A12,2,0.568
OY_ABCC2_N2_200910Run01,B01,2,0.348
OY_ABCC2_N2_200910Run01,B02,0,0.977
OY_ABCC2_N2_200910Run01,B03,2,0.448
OY_ABCC2_N2_200910Run01,B04,2,0.378
OY_ABCC2_N2_200910Run01,B05,2,0.451
OY_ABCC2_N2_200910Run01,B06,4,0.689
OY_ABCC2_N2_200910Run01,B07,2,0.395
OY_ABCC2_N2_200910Run01,B08,2,0.459
OY_ABCC2_N2_200910Run01,B09,4,0.59
OY_ABCC2_N2_200910Run01,B10,2,0.619
OY_ABCC2_N2_200910Run01,B11,2,0.531
OY_ABCC2_N2_200910Run01,B12,2,0.324
OY_ABCC2_N2_200910Run01,C01,2,0.434
OY_ABCC2_N2_200910Run01,C02,2,0.372
OY_ABCC2_N2_200910Run01,C03,2,0.395
OY_ABCC2_N2_200910Run01,C04,2,0.379
OY_ABCC2_N2_200910Run01,C05,4,0.683
OY_ABCC2_N2_200910Run01,C06,2,0.421
OY_ABCC2_N2_200910Run01,C07,2,0.394
OY_ABCC2_N2_200910Run01,C08,2,0.403
OY_ABCC2_N2_200910Run01,C09,4,0.711
OY_ABCC2_N2_200910Run01,C10,2,0.452
OY_ABCC2_N2_200910Run01,C11,2,0.467
OY_ABCC2_N2_200910Run01,C12,4,0.409
OY_ABCC2_N2_200910Run01,D01,4,0.319
OY_ABCC2_N2_200910Run01,D02,2,0.445
OY_ABCC2_N2_200910Run01,D03,4,0.502
OY_ABCC2_N2_200910Run01,D04,2,0.363
OY_ABCC2_N2_200910Run01,D05,2,0.46
OY_ABCC2_N2_200910Run01,D06,2,0.469
OY_ABCC2_N2_200910Run01,D07,2,0.391
OY_ABCC2_N2_200910Run01,D08,2,0.34
OY_ABCC2_N2_200910Run01,D09,2,0.56
OY_ABCC2_N2_200910Run01,D10,2,0.624
OY_ABCC2_N2_200910Run01,D11,0,0.817
OY_ABCC2_N2_200910Run01,D12,2,0.457
OY_ABCC2_N2_200910Run01,E01,4,0.544
OY_ABCC2_N2_200910Run01,E02,2,0.438
OY_ABCC2_N2_200910Run01,E03,2,0.384
OY_ABCC2_N2_200910Run01,E04,2,0.402
OY_ABCC2_N2_200910Run01,E05,2,0.465
OY_ABCC2_N2_200910Run01,E06,2,0.357
OY_ABCC2_N2_200910Run01,E07,4,0.567
OY_ABCC2_N2_200910Run01,E08,2,0.393
OY_ABCC2_N2_200910Run01,E09,2,0.512
OY_ABCC2_N2_200910Run01,E10,2,0.536
OY_ABCC2_N2_200910Run01,E11,4,0.49
OY_ABCC2_N2_200910Run01,E12,2,0.509
OY_ABCC2_N2_200910Run01,F01,2,0.377
OY_ABCC2_N2_200910Run01,F02,2,0.353
OY_ABCC2_N2_200910Run01,F03,2,0.325
OY_ABCC2_N2_200910Run01,F04,4,0.46
OY_ABCC2_N2_200910Run01,F05,2,0.489
OY_ABCC2_N2_200910Run01,F06,2,0.358
OY_ABCC2_N2_200910Run01,F07,2,0.388
OY_ABCC2_N2_200910Run01,F08,2,0.407
OY_ABCC2_N2_200910Run01,F09,2,0.468
OY_ABCC2_N2_200910Run01,F10,4,0.763
OY_ABCC2_N2_200910Run01,F11,2,0.497
OY_ABCC2_N2_200910Run01,F12,2,0.372
OY_ABCC2_N2_200910Run01,G01,2,0.339
OY_ABCC2_N2_200910Run01,G02,4,0.356
OY_ABCC2_N2_200910Run01,G03,4,0.543
OY_ABCC2_N2_200910Run01,G04,2,0.409
OY_ABCC2_N2_200910Run01,G05,2,0.444
OY_ABCC2_N2_200910Run01,G06,2,0.425
OY_ABCC2_N2_200910Run01,G07,2,0.385
OY_ABCC2_N2_200910Run01,G08,2,0.481
OY_ABCC2_N2_200910Run01,G09,4,0.619
OY_ABCC2_N2_200910Run01,G10,4,0.642
OY_ABCC2_N2_200910Run01,G11,2,0.567
OY_ABCC2_N2_200910Run01,G12,4,0.608
OY_ABCC2_N2_200910Run01,H01,0,0.693
OY_ABCC2_N2_200910Run01,H02,2,0.4
OY_ABCC2_N2_200910Run01,H03,2,0.361
OY_ABCC2_N2_200910Run01,H04,4,0.424
OY_ABCC2_N2_200910Run01,H05,2,0.386
OY_ABCC2_N2_200910Run01,H06,4,0.475
OY_ABCC2_N2_200910Run01,H07,4,0.327
OY_ABCC2_N2_200910Run01,H08,2,0.378
OY_ABCC2_N2_200910Run01,H09,4,0.658
OY_ABCC2_N2_200910Run01,H10,4,0.497
OY_ABCC2_N2_200910Run01,H11,2,0.471
OY_ABCC2_N2_200910Run01,H12,2,0.474
