folder,well,is_peak_1_scan,is_peak_1_height,is_peak_2_scan,is_peak_2_height,is_peak_3_scan,is_peak_3_height,is_peak_4_scan,is_peak_4_height
OY_ABCC2_N1_160910Run01,A01,2335,0.0,2397,0.0,2622,0.0,2633,0.0
OY_ABCC2_N1_160910Run01,A02,2332,0.0,2398,0.0,2633,0.0,2643,0.0
OY_ABCC2_N1_160910Run01,A03,2363,0.0,2429,0.0,2650,0.0,2659,0.0
OY_ABCC2_N1_160910Run01,A04,2361,0.0,2434,0.0,2631,0.0,2641,0.0
OY_ABCC2_N1_160910Run01,A05,2380,0.0,2434,0.0,2660,0.0,2673,0.0
OY_ABCC2_N1_160910Run01,A07,2297,0.0,2349,0.0,2563,0.0,2575,0.0
OY_ABCC2_N1_160910Run01,A08,2293,0.0,2327,0.0,2532,0.0,2543,0.0
OY_ABCC2_N1_160910Run01,A09,2362,0.0,2425,0.0,2645,0.0,2657,0.0
OY_ABCC2_N1_160910Run01,A10,2385,0.0,2456,0.0,2694,0.0,2705,0.0
OY_ABCC2_N1_160910Run01,A11,2443,0.0,2530,0.0,2745,0.0,2756,0.0
OY_ABCC2_N1_160910Run01,A12,2344,0.0,2419,0.0,2659,0.0,2673,0.0
OY_ABCC2_N1_160910Run01,B01,2318,0.0,2374,0.0,2611,0.0,2621,0.0
OY_ABCC2_N1_160910Run01,B03,2360,0.0,2424,0.0,2657,0.0,2668,0.0
OY_ABCC2_N1_160910Run01,B04,2398,0.0,2447,0.0,2668,0.0,2679,0.0
OY_ABCC2_N1_160910Run01,B05,2421,0.0,2477,0.0,2707,0.0,2717,0.0
OY_ABCC2_N1_160910Run01,B06,2404,0.0,2462,0.0,2691,0.0,2704,0.0
OY_ABCC2_N1_160910Run01,B07,2316,0.0,2366,0.0,2588,0.0,2601,0.0
OY_ABCC2_N1_160910Run01,B08,2313,0.0,2351,0.0,2571,0.0,2584,0.0
OY_ABCC2_N1_160910Run01,B09,2390,0.0,2448,0.0,2666,0.0,2678,0.0
OY_ABCC2_N1_160910Run01,B10,2414,0.0,2474,0.0,2705,0.0,2715,0.0
OY_ABCC2_N1_160910Run01,B11,2439,0.0,2511,0.0,2732,0.0,2743,0.0
OY_ABCC2_N1_160910Run01,B12,2596,0.0,2668,0.0,2911,0.0,2924,0.0
OY_ABCC2_N1_160910Run01,C01,2309,0.0,2368,0.0,2610,0.0,2621,0.0
OY_ABCC2_N1_160910Run01,C02,2410,0.0,2477,0.0,2686,0.0,2695,0.0
OY_ABCC2_N1_160910Run01,C03,2342,0.0,2404,0.0,2624,0.0,2636,0.0
OY_ABCC2_N1_160910Run01,C04,2381,0.0,2439,0.0,2661,0.0,2672,0.0
OY_ABCC2_N1_160910Run01,C05,2403,0.0,2447,0.0,2662,0.0,2676,0.0
OY_ABCC2_N1_160910Run01,C06,2378,0.0,2441,0.0,2660,0.0,2674,0.0
OY_ABCC2_N1_160910Run01,C07,2314,0.0,2360,0.0,2578,0.0,2590,0.0
OY_ABCC2_N1_160910Run01,C08,2329,0.0,2378,0.0,2601,0.0,2615,0.0
OY_ABCC2_N1_160910Run01,C09,2450,0.0,2515,0.0,2754,0.0,2765,0.0
OY_ABCC2_N1_160910Run01,C10,2449,0.0,2517,0.0,2742,0.0,2752,0.0
OY_ABCC2_N1_160910Run01,C11,2485,0.0,2571,0.0,2798,0.0,2807,0.0
OY_ABCC2_N1_160910Run01,C12,2435,0.0,2506,0.0,2749,0.0,2760,0.0
OY_ABCC2_N1_160910Run01,D01,2340,0.0,2413,0.0,2649,0.0,2660,0.0
OY_ABCC2_N1_160910Run01,D02,2473,0.0,2555,0.0,2743,0.0,2753,0.0
OY_ABCC2_N1_160910Run01,D03,2420,0.0,2494,0.0,2730,0.0,2739,0.0
OY_ABCC2_N1_160910Run01,D04,2418,0.0,2462,0.0,2702,0.0,2713,0.0
OY_ABCC2_N1_160910Run01,D05,2427,0.0,2473,0.0,2704,0.0,2716,0.0
OY_ABCC2_N1_160910Run01,D06,2533,0.0,2600,0.0,2832,0.0,2844,0.0
OY_ABCC2_N1_160910Run01,D07,2331,0.0,2386,0.0,2608,0.0,2620,0.0
OY_ABCC2_N1_160910Run01,D08,2331,0.0,2382,0.0,2604,0.0,2616,0.0
OY_ABCC2_N1_160910Run01,D09,2540,0.0,2615,0.0,2866,0.0,2879,0.0
OY_ABCC2_N1_160910Run01,D10,2436,0.0,2484,0.0,2717,0.0,2725,0.0
OY_ABCC2_N1_160910Run01,D12,2458,0.0,2544,0.0,2788,0.0,2799,0.0
OY_ABCC2_N1_160910Run01,E02,2403,0.0,2463,0.0,2677,0.0,2687,0.0
OY_ABCC2_N1_160910Run01,E03,2392,0.0,2445,0.0,2688,0.0,2701,0.0
OY_ABCC2_N1_160910Run01,E04,2456,0.0,2547,0.0,2760,0.0,2769,0.0
OY_ABCC2_N1_160910Run01,E05,2530,0.0,2598,0.0,2819,0.0,2829,0.0
OY_ABCC2_N1_160910Run01,E06,2383,0.0,2452,0.0,2678,0.0,2691,0.0
OY_ABCC2_N1_160910Run01,E07,2295,0.0,2348,0.0,2549,0.0,2559,0.0
OY_ABCC2_N1_160910Run01,E08,2324,0.0,2377,0.0,2604,0.0,2616,0.0
OY_ABCC2_N1_160910Run01,E10,2435,0.0,2497,0.0,2740,0.0,2752,0.0
OY_ABCC2_N1_160910Run01,E11,2436,0.0,2494,0.0,2734,0.0,2747,0.0
OY_ABCC2_N1_160910Run01,E12,2411,0.0,2464,0.0,2727,0.0,2740,0.0
OY_ABCC2_N1_160910Run01,F01,2348,0.0,2427,0.0,2664,0.0,2676,0.0
OY_ABCC2_N1_160910Run01,F02,2353,0.0,2429,0.0,2662,0.0,2673,0.0
OY_ABCC2_N1_160910Run01,F03,2428,0.0,2494,0.0,2725,0.0,2736,0.0
OY_ABCC2_N1_160910Run01,F04,2428,0.0,2483,0.0,2719,0.0,2729,0.0
OY_ABCC2_N1_160910Run01,F05,2414,0.0,2460,0.0,2700,0.0,2714,0.0
OY_ABCC2_N1_160910Run01,F06,2493,0.0,2562,0.0,2802,0.0,2813,0.0
OY_ABCC2_N1_160910Run01,F07,2341,0.0,2392,0.0,2623,0.0,2637,0.0
OY_ABCC2_N1_160910Run01,F08,2300,0.0,2345,0.0,2567,0.0,2579,0.0
OY_ABCC2_N1_160910Run01,F09,2435,0.0,2496,0.0,2741,0.0,2754,0.0
OY_ABCC2_N1_160910Run01,F10,2451,0.0,2512,0.0,2681,0.0,2775,0.0
OY_ABCC2_N1_160910Run01,F11,2463,0.0,2541,0.0,2779,0.0,2792,0.0
OY_ABCC2_N1_160910Run01,F12,2437,0.0,2505,0.0,2761,0.0,2774,0.0
OY_ABCC2_N1_160910Run01,G01,2422,0.0,2478,0.0,2695,0.0,2713,0.0
OY_ABCC2_N1_160910Run01,G02,2533,0.0,2611,0.0,2829,0.0,2839,0.0
OY_ABCC2_N1_160910Run01,G03,2445,0.0,2524,0.0,2750,0.0,2759,0.0
OY_ABCC2_N1_160910Run01,G04,2428,0.0,2483,0.0,2704,0.0,2715,0.0
OY_ABCC2_N1_160910Run01,G05,2425,0.0,2480,0.0,2716,0.0,2729,0.0
OY_ABCC2_N1_160910Run01,G06,2341,0.0,2416,0.0,2633,0.0,2644,0.0
OY_ABCC2_N1_160910Run01,G07,2344,0.0,2398,0.0,2635,0.0,2648,0.0
OY_ABCC2_N1_160910Run01,G08,2313,0.0,2369,0.0,2601,0.0,2613,0.0
OY_ABCC2_N1_160910Run01,G09,2423,0.0,2485,0.0,2737,0.0,2749,0.0
OY_ABCC2_N1_160910Run01,G10,2477,0.0,2556,0.0,2801,0.0,2811,0.0
OY_ABCC2_N1_160910Run01,G11,2462,0.0,2546,0.0,2784,0.0,2797,0.0
OY_ABCC2_N1_160910Run01,G12,2441,0.0,2505,0.0,2760,0.0,2774,0.0
OY_ABCC2_N1_160910Run01,H01,2355,0.0,2437,0.0,2668,0.0,2678,0.0
OY_ABCC2_N1_160910Run01,H02,2452,0.0,2523,0.0,2741,0.0,2751,0.0
OY_ABCC2_N1_160910Run01,H03,2426,0.0,2480,0.0,2717,0.0,2729,0.0
OY_ABCC2_N1_160910Run01,H04,2491,0.0,2568,0.0,2786,0.0,2794,0.0
OY_ABCC2_N1_160910Run01,H05,2391,0.0,2459,0.0,2682,0.0,2695,0.0
OY_ABCC2_N1_160910Run01,H06,2470,0.0,2549,0.0,2786,0.0,2795,0.0
OY_ABCC2_N1_160910Run01,H07,2325,0.0,2379,0.0,2603,0.0,2616,0.0
OY_ABCC2_N1_160910Run01,H08,2299,0.0,2348,0.0,2583,0.0,2594,0.0
OY_ABCC2_N1_160910Run01,H09,2428,0.0,2489,0.0,2736,0.0,2747,0.0
OY_ABCC2_N1_160910Run01,H10,2408,0.0,2458,0.0,2706,0.0,2719,0.0
OY_ABCC2_N1_160910Run01,H11,2412,0.0,2469,0.0,2713,0.0,2725,0.0
OY_ABCC2_N1_160910Run01,H12,2332,0.0,2396,0.0,2650,0.0,2666,0.0
