folder,well,is_peak_1_scan,is_peak_1_height,is_peak_2_scan,is_peak_2_height,is_peak_3_scan,is_peak_3_height,is_peak_4_scan,is_peak_4_height
OY_rs1695_T1_230910Run02,A01,2526,0.0,2656,0.0,2783,0.0,2800,0.0
OY_rs1695_T1_230910Run02,A02,2533,0.0,2645,0.0,2782,0.0,2819,0.0
OY_rs1695_T1_230910Run02,A03,2542,0.0,2684,0.0,2832,0.0,2868,0.0
OY_rs1695_T1_230910Run02,A04,2540,0.0,2652,0.0,2787,0.0,2818,0.0
OY_rs1695_T1_230910Run02,A05,2496,0.0,2579,0.0,2665,0.0,2681,0.0
OY_rs1695_T1_230910Run02,A06,2482,0.0,2575,0.0,2659,0.0,2673,0.0
OY_rs1695_T1_230910Run02,A07,2455,0.0,2554,0.0,2624,0.0,2642,0.0
OY_rs1695_T1_230910Run02,A08,2482,0.0,2584,0.0,2659,0.0,2670,0.0
OY_rs1695_T1_230910Run02,A09,2266,0.0,2370,0.0,2459,0.0,2470,0.0
OY_rs1695_T1_230910Run02,A10,2269,0.0,2371,0.0,2453,0.0,2466,0.0
OY_rs1695_T1_230910Run02,A11,2385,0.0,2505,0.0,2631,0.0,2657,0.0
OY_rs1695_T1_230910Run02,A12,2341,0.0,2467,0.0,2595,0.0,2622,0.0
OY_rs1695_T1_230910Run02,B01,2617,0.0,2742,0.0,2872,0.0,2895,0.0
OY_rs1695_T1_230910Run02,B02,2549,0.0,2656,0.0,2785,0.0,2812,0.0
OY_rs1695_T1_230910Run02,B03,2545,0.0,2660,0.0,2795,0.0,2833,0.0
OY_rs1695_T1_230910Run02,B04,2515,0.0,2616,0.0,2752,0.0,2776,0.0
OY_rs1695_T1_230910Run02,B05,2467,0.0,2583,0.0,2766,0.0,2782,0.0
OY_rs1695_T1_230910Run02,B06,2440,0.0,2532,0.0,2621,0.0,2635,0.0
OY_rs1695_T1_230910Run02,B07,2518,0.0,2608,0.0,2670,0.0,2679,0.0
OY_rs1695_T1_230910Run02,B08,2507,0.0,2594,0.0,2655,0.0,2665,0.0
OY_rs1695_T1_230910Run02,B09,2294,0.0,2390,0.0,2461,0.0,2470,0.0
OY_rs1695_T1_230910Run02,B10,2244,0.0,2348,0.0,2430,0.0,2441,0.0
OY_rs1695_T1_230910Run02,B11,2347,0.0,2467,0.0,2597,0.0,2622,0.0
OY_rs1695_T1_230910Run02,B12,2339,0.0,2462,0.0,2581,0.0,2605,0.0
OY_rs1695_T1_230910Run02,C01,2604,0.0,2727,0.0,2863,0.0,2896,0.0
OY_rs1695_T1_230910Run02,C02,2584,0.0,2714,0.0,2844,0.0,2866,0.0
OY_rs1695_T1_230910Run02,C03,2638,0.0,2759,0.0,2898,0.0,2939,0.0
OY_rs1695_T1_230910Run02,C04,2612,0.0,2717,0.0,2838,0.0,2874,0.0
OY_rs1695_T1_230910Run02,C05,2562,0.0,2640,0.0,2730,0.0,2744,0.0
OY_rs1695_T1_230910Run02,C06,2498,0.0,2583,0.0,2669,0.0,2682,0.0
OY_rs1695_T1_230910Run02,C07,2511,0.0,2602,0.0,2663,0.0,2672,0.0
OY_rs1695_T1_230910Run02,C08,2462,0.0,2561,0.0,2631,0.0,2640,0.0
OY_rs1695_T1_230910Run02,C09,2275,0.0,2369,0.0,2438,0.0,2447,0.0
OY_rs1695_T1_230910Run02,C10,2280,0.0,2375,0.0,2447,0.0,2457,0.0
OY_rs1695_T1_230910Run02,C11,2369,0.0,2485,0.0,2602,0.0,2622,0.0
OY_rs1695_T1_230910Run02,C12,2393,0.0,2520,0.0,2640,0.0,2663,0.0
OY_rs1695_T1_230910Run02,D01,2564,0.0,2694,0.0,2842,0.0,2868,0.0
OY_rs1695_T1_230910Run02,D02,2613,0.0,2720,0.0,2841,0.0,2870,0.0
OY_rs1695_T1_230910Run02,D03,2579,0.0,2689,0.0,2809,0.0,2846,0.0
OY_rs1695_T1_230910Run02,D04,2537,0.0,2638,0.0,2773,0.0,2800,0.0
OY_rs1695_T1_230910Run02,D05,2507,0.0,2583,0.0,2669,0.0,2684,0.0
OY_rs1695_T1_230910Run02,D06,2518,0.0,2582,0.0,2692,0.0,2705,0.0
OY_rs1695_T1_230910Run02,D07,2534,0.0,2620,0.0,2681,0.0,2690,0.0
OY_rs1695_T1_230910Run02,D08,2517,0.0,2608,0.0,2671,0.0,2681,0.0
OY_rs1695_T1_230910Run02,D09,2258,0.0,2352,0.0,2428,0.0,2438,0.0
OY_rs1695_T1_230910Run02,D10,2299,0.0,2388,0.0,2455,0.0,2464,0.0
OY_rs1695_T1_230910Run02,D11,2404,0.0,2515,0.0,2624,0.0,2644,0.0
OY_rs1695_T1_230910Run02,D12,2360,0.0,2483,0.0,2600,0.0,2623,0.0
OY_rs1695_T1_230910Run02,E01,2530,0.0,2638,0.0,2736,0.0,2758,0.0
OY_rs1695_T1_230910Run02,E02,2593,0.0,2704,0.0,2833,0.0,2867,0.0
OY_rs1695_T1_230910Run02,E03,2616,0.0,2717,0.0,2824,0.0,2862,0.0
OY_rs1695_T1_230910Run02,E04,2566,0.0,2668,0.0,2782,0.0,2816,0.0
OY_rs1695_T1_230910Run02,E05,2534,0.0,2614,0.0,2701,0.0,2721,0.0
OY_rs1695_T1_230910Run02,E06,2476,0.0,2550,0.0,2631,0.0,2644,0.0
OY_rs1695_T1_230910Run02,E07,2529,0.0,2611,0.0,2672,0.0,2681,0.0
OY_rs1695_T1_230910Run02,E08,2509,0.0,2593,0.0,2655,0.0,2665,0.0
OY_rs1695_T1_230910Run02,E09,2274,0.0,2359,0.0,2426,0.0,2435,0.0
OY_rs1695_T1_230910Run02,E10,2272,0.0,2363,0.0,2436,0.0,2446,0.0
OY_rs1695_T1_230910Run02,E11,2431,0.0,2529,0.0,2626,0.0,2644,0.0
OY_rs1695_T1_230910Run02,E12,2373,0.0,2498,0.0,2616,0.0,2640,0.0
OY_rs1695_T1_230910Run02,F01,2567,0.0,2672,0.0,2772,0.0,2796,0.0
OY_rs1695_T1_230910Run02,F02,2537,0.0,2638,0.0,2750,0.0,2778,0.0
OY_rs1695_T1_230910Run02,F03,2638,0.0,2729,0.0,2824,0.0,2862,0.0
OY_rs1695_T1_230910Run02,F04,2517,0.0,2613,0.0,2806,0.0,2851,0.0
OY_rs1695_T1_230910Run02,F05,2487,0.0,2555,0.0,2637,0.0,2652,0.0
OY_rs1695_T1_230910Run02,F06,2598,0.0,2664,0.0,2771,0.0,2782,0.0
OY_rs1695_T1_230910Run02,F07,2529,0.0,2610,0.0,2673,0.0,2692,0.0
OY_rs1695_T1_230910Run02,F08,2523,0.0,2598,0.0,2657,0.0,2676,0.0
OY_rs1695_T1_230910Run02,F09,2288,0.0,2365,0.0,2427,0.0,2444,0.0
OY_rs1695_T1_230910Run02,F10,2282,0.0,2363,0.0,2428,0.0,2446,0.0
OY_rs1695_T1_230910Run02,F11,2409,0.0,2506,0.0,2606,0.0,2637,0.0
OY_rs1695_T1_230910Run02,F12,2375,0.0,2500,0.0,2617,0.0,2652,0.0
OY_rs1695_T1_230910Run02,G01,2533,0.0,2632,0.0,2726,0.0,2761,0.0
OY_rs1695_T1_230910Run02,G02,2527,0.0,2626,0.0,2717,0.0,2740,0.0
OY_rs1695_T1_230910Run02,G03,2615,0.0,2706,0.0,2804,0.0,2840,0.0
OY_rs1695_T1_230910Run02,G04,2568,0.0,2726,0.0,2852,0.0,2893,0.0
OY_rs1695_T1_230910Run02,G05,2489,0.0,2556,0.0,2635,0.0,2655,0.0
OY_rs1695_T1_230910Run02,G06,2508,0.0,2575,0.0,2653,0.0,2669,0.0
OY_rs1695_T1_230910Run02,G07,2569,0.0,2643,0.0,2709,0.0,2721,0.0
OY_rs1695_T1_230910Run02,G08,2503,0.0,2574,0.0,2636,0.0,2657,0.0
OY_rs1695_T1_230910Run02,G09,2321,0.0,2393,0.0,2454,0.0,2473,0.0
OY_rs1695_T1_230910Run02,G10,2324,0.0,2399,0.0,2462,0.0,2482,0.0
OY_rs1695_T1_230910Run02,G11,2414,0.0,2504,0.0,2597,0.0,2618,0.0
OY_rs1695_T1_230910Run02,G12,2370,0.0,2498,0.0,2620,0.0,2644,0.0
OY_rs1695_T1_230910Run02,H01,2652,0.0,2778,0.0,2887,0.0,2913,0.0
OY_rs1695_T1_230910Run02,H02,2597,0.0,2702,0.0,2787,0.0,2812,0.0
OY_rs1695_T1_230910Run02,H03,2558,0.0,2673,0.0,2782,0.0,2818,0.0
OY_rs1695_T1_230910Run02,H04,2527,0.0,2627,0.0,2724,0.0,2756,0.0
OY_rs1695_T1_230910Run02,H05,2472,0.0,2554,0.0,2636,0.0,2658,0.0
OY_rs1695_T1_230910Run02,H06,2491,0.0,2556,0.0,2630,0.0,2650,0.0
OY_rs1695_T1_230910Run02,H07,2537,0.0,2615,0.0,2683,0.0,2697,0.0
OY_rs1695_T1_230910Run02,H08,2519,0.0,2590,0.0,2650,0.0,2664,0.0
OY_rs1695_T1_230910Run02,H09,2309,0.0,2380,0.0,2439,0.0,2450,0.0
OY_rs1695_T1_230910Run02,H10,2356,0.0,2427,0.0,2483,0.0,2494,0.0
OY_rs1695_T1_230910Run02,H11,2463,0.0,2564,0.0,2665,0.0,2687,0.0
OY_rs1695_T1_230910Run02,H12,2352,0.0,2481,0.0,2603,0.0,2627,0.0
